alt_text,category,episodes,genre,id,image_url,japanese_name,page,title,url
My Friend's Little Sister Has It In for Me,recently_updated,Ep 1,,my-friends-little-sister-has-it-in-for-me-17507,https://9animetv.to,Tomodachi no Imouto ga Ore ni dake Uzai,,My Friend's Little Sister Has It In for Me,https://9animetv.to/watch/my-friends-little-sister-has-it-in-for-me-17507
Ranma ½ (2024) 2nd Season,recently_updated,Ep 1,,ranma-2024-2nd-season-19926,https://9animetv.to,Ranma ½ (2024) 2nd Season,,Ranma ½ (2024) 2nd Season,https://9animetv.to/watch/ranma-2024-2nd-season-19926
Tojima Tanzaburo Wants to Be a Masked Rider,recently_updated,Ep 1,,tojima-tanzaburo-wants-to-be-a-masked-rider-19892,https://9animetv.to,Toujima Tanzaburou wa Kamen Rider ni Naritai,,Tojima Tanzaburo Wants to Be a Masked Rider,https://9animetv.to/watch/tojima-tanzaburo-wants-to-be-a-masked-rider-19892
Secrets of the Silent Witch,recently_updated,Ep 13,,secrets-of-the-silent-witch-19777,https://9animetv.to,Silent Witch: Chinmoku no Majo no Kakushigoto,,Secrets of the Silent Witch,https://9animetv.to/watch/secrets-of-the-silent-witch-19777
Touring After the Apocalypse,recently_updated,Ep 1,,touring-after-the-apocalypse-19894,https://9animetv.to,Shuumatsu Touring,,Touring After the Apocalypse,https://9animetv.to/watch/touring-after-the-apocalypse-19894
To Your Eternity Season 3,recently_updated,Ep 1,,to-your-eternity-season-3-19929,https://9animetv.to,Fumetsu no Anata e Season 3,,To Your Eternity Season 3,https://9animetv.to/watch/to-your-eternity-season-3-19929
Let This Grieving Soul Retire Part 2,recently_updated,Ep 1,,let-this-grieving-soul-retire-part-2-19925,https://9animetv.to,Nageki no Bourei wa Intai shitai Part 2,,Let This Grieving Soul Retire Part 2,https://9animetv.to/watch/let-this-grieving-soul-retire-part-2-19925
The Banished Court Magician Aims to Become the Strongest,recently_updated,Ep 1,,the-banished-court-magician-aims-to-become-the-strongest-19902,https://9animetv.to,"Mikata ga Yowasugite Hojo Mahou ni Tesshiteita Kyuutei Mahoushi, Tsuihou sarete Saikyou wo Mezashimasu",,The Banished Court Magician Aims to Become the Strongest,https://9animetv.to/watch/the-banished-court-magician-aims-to-become-the-strongest-19902
Spy x Family Season 3,recently_updated,Ep 1,,spy-x-family-season-3-19931,https://9animetv.to,Spy x Family Season 3,,Spy x Family Season 3,https://9animetv.to/watch/spy-x-family-season-3-19931
A Wild Last Boss Appeared!,recently_updated,Ep 2,,a-wild-last-boss-appeared-19909,https://9animetv.to,Yasei no Last Boss ga Arawareta!,,A Wild Last Boss Appeared!,https://9animetv.to/watch/a-wild-last-boss-appeared-19909
Inexpressive Kashiwada and Expressive Oota,recently_updated,Ep 1,,inexpressive-kashiwada-and-expressive-oota-19907,https://9animetv.to,Kao ni Denai Kashiwada-san to Kao ni Deru Oota-kun,,Inexpressive Kashiwada and Expressive Oota,https://9animetv.to/watch/inexpressive-kashiwada-and-expressive-oota-19907
Tales of Wedding Rings Season 2,recently_updated,Ep 1,,tales-of-wedding-rings-season-2-19921,https://9animetv.to,Kekkon Yubiwa Monogatari II,,Tales of Wedding Rings Season 2,https://9animetv.to/watch/tales-of-wedding-rings-season-2-19921
My Hero Academia Final Season,recently_updated,Ep 1,,my-hero-academia-final-season-19930,https://9animetv.to,Boku no Hero Academia: Final Season,,My Hero Academia Final Season,https://9animetv.to/watch/my-hero-academia-final-season-19930
Cardfight!! Vanguard: Divinez Deluxe Kesshou-hen,recently_updated,Ep 12,,cardfight-vanguard-divinez-deluxe-kesshou-hen-19732,https://9animetv.to,Cardfight!! Vanguard: Divinez Deluxe Kesshou-hen,,Cardfight!! Vanguard: Divinez Deluxe Kesshou-hen,https://9animetv.to/watch/cardfight-vanguard-divinez-deluxe-kesshou-hen-19732
Throne of Seal 2nd Season,recently_updated,Ep 152,,throne-of-seal-2nd-season-18643,https://9animetv.to,Shen Yin Wangzuo 2nd Season,,Throne of Seal 2nd Season,https://9animetv.to/watch/throne-of-seal-2nd-season-18643
Perfect World,recently_updated,Ep 235/286,,perfect-world-17492,https://9animetv.to,Wanmei Shijie,,Perfect World,https://9animetv.to/watch/perfect-world-17492
Swallowed Star 2nd Season,recently_updated,Ep 165,,swallowed-star-2nd-season-18018,https://9animetv.to,Tunshi Xingkong 2nd Season,,Swallowed Star 2nd Season,https://9animetv.to/watch/swallowed-star-2nd-season-18018
Soul Land 2: Peerless Tang Sect,recently_updated,Ep 121/104,,soul-land-2-peerless-tang-sect-18416,https://9animetv.to,Douluo Dalu II: Jueshi Tangmen,,Soul Land 2: Peerless Tang Sect,https://9animetv.to/watch/soul-land-2-peerless-tang-sect-18416
Martial Shattered Galaxy,recently_updated,Ep 17,,martial-shattered-galaxy-19844,https://9animetv.to,Wu Sui Xinghe,,Martial Shattered Galaxy,https://9animetv.to/watch/martial-shattered-galaxy-19844
Celestial Above All,recently_updated,Ep 31,,celestial-above-all-19825,https://9animetv.to,Ling Tian Du Zun,,Celestial Above All,https://9animetv.to/watch/celestial-above-all-19825
Lingwu Continent,recently_updated,Ep 114,,lingwu-continent-19295,https://9animetv.to,Ling Wu Dalu,,Lingwu Continent,https://9animetv.to/watch/lingwu-continent-19295
The Sovereign's Ascension 2nd Season,recently_updated,Ep 118,,the-sovereigns-ascension-2nd-season-19534,https://9animetv.to,Yishi Du Zun 2nd Season,,The Sovereign's Ascension 2nd Season,https://9animetv.to/watch/the-sovereigns-ascension-2nd-season-19534
Wind Driver In Tang Dynasty,recently_updated,Ep 4/26,,wind-driver-in-tang-dynasty-19936,https://9animetv.to,Da Tang Chengfeng Lu,,Wind Driver In Tang Dynasty,https://9animetv.to/watch/wind-driver-in-tang-dynasty-19936
I am the Blade,recently_updated,Ep 15/16,,i-am-the-blade-19815,https://9animetv.to,Wo Wei Dao Zong,,I am the Blade,https://9animetv.to/watch/i-am-the-blade-19815
Love Between Fairy and Devil 2nd Season,recently_updated,Ep 14/26,,love-between-fairy-and-devil-2nd-season-19818,https://9animetv.to,Cang Lan Jue 2,,Love Between Fairy and Devil 2nd Season,https://9animetv.to/watch/love-between-fairy-and-devil-2nd-season-19818
Jade Dynasty,recently_updated,Ep 19/26,,jade-dynasty-19807,https://9animetv.to,Zhu Xian 3rd Season,,Jade Dynasty,https://9animetv.to/watch/jade-dynasty-19807
Noble Farmer Season 3,recently_updated,Ep 1,,noble-farmer-season-3-19496,https://9animetv.to,Hyakushou Kizoku 3rd Season,,Noble Farmer Season 3,https://9animetv.to/watch/noble-farmer-season-3-19496
Psychic Princess Season 2,recently_updated,Ep 13/24,,psychic-princess-season-2-19816,https://9animetv.to,Tong Ling Fei 2nd Season,,Psychic Princess Season 2,https://9animetv.to/watch/psychic-princess-season-2-19816
Any and All Living Things,recently_updated,Ep 6,,any-and-all-living-things-19698,https://9animetv.to,Gekkan! Nanmono Anime,,Any and All Living Things,https://9animetv.to/watch/any-and-all-living-things-19698
Himitsu no AiPri 2nd Season,recently_updated,Ep 26,,himitsu-no-aipri-2nd-season-19608,https://9animetv.to,Himitsu no AiPri: Ring-hen,,Himitsu no AiPri 2nd Season,https://9animetv.to/watch/himitsu-no-aipri-2nd-season-19608
Sanda,recently_updated,Ep 1,,sanda-19920,https://9animetv.to,Sanda,,Sanda,https://9animetv.to/watch/sanda-19920
May I Ask for One Final Thing?,recently_updated,Ep 2,,may-i-ask-for-one-final-thing-19927,https://9animetv.to,Saigo ni Hitotsu dake Onegai shitemo Yoroshii deshou ka,,May I Ask for One Final Thing?,https://9animetv.to/watch/may-i-ask-for-one-final-thing-19927
Watari-kun's ****** Is about to Collapse,recently_updated,Ep 14,,watari-kuns-is-about-to-collapse-19769,https://9animetv.to,Watari-kun no xx ga Houkai Sunzen,,Watari-kun's ****** Is about to Collapse,https://9animetv.to/watch/watari-kuns-is-about-to-collapse-19769
Style of Hiroshi Nohara Lunch,recently_updated,Ep 1,,style-of-hiroshi-nohara-lunch-19885,https://9animetv.to,Nohara Hiroshi: Hiru Meshi no Ryuugi,,Style of Hiroshi Nohara Lunch,https://9animetv.to/watch/style-of-hiroshi-nohara-lunch-19885
Shabake,recently_updated,Ep 1,,shabake-19889,https://9animetv.to,Shabake,,Shabake,https://9animetv.to/watch/shabake-19889
Tougen Anki,recently_updated,Ep 13,,tougen-anki-19779,https://9animetv.to,Tougen Anki,,Tougen Anki,https://9animetv.to/watch/tougen-anki-19779
"My Gift Lvl 9999 Unlimited Gacha: Backstabbed in a Backwater Dungeon, I'm Out for Revenge!",recently_updated,Ep 1,,my-gift-lvl-9999-unlimited-gacha-backstabbed-in-a-backwater-dungeon-im-out-for-revenge-19908,https://9animetv.to,"Shinjiteita Nakama-tachi ni Dungeon Okuchi de Korosarekaketa ga Gift ""Mugen Gacha"" de Level 9999 no Nakama-tachi wo Te ni Irete Moto Party Member to Sekai ni Fukushuu & ""Zamaa!"" Shimasu!",,"My Gift Lvl 9999 Unlimited Gacha: Backstabbed in a Backwater Dungeon, I'm Out for Revenge!",https://9animetv.to/watch/my-gift-lvl-9999-unlimited-gacha-backstabbed-in-a-backwater-dungeon-im-out-for-revenge-19908
Cats Eye,recently_updated,Ep 2/12,,cats-eye-19727,https://9animetv.to,Cat's♥Eye,,Cats Eye,https://9animetv.to/watch/cats-eye-19727
Fairies Albums 5,recently_updated,Ep 12/12,,fairies-albums-5-19817,https://9animetv.to,Bai Yao Pu 5th Season,,Fairies Albums 5,https://9animetv.to/watch/fairies-albums-5-19817
Dragon Raja Season 2,recently_updated,Ep 14/24,,dragon-raja-season-2-19811,https://9animetv.to,Long Zu II: Daowangzhe Zhi Tong,,Dragon Raja Season 2,https://9animetv.to/watch/dragon-raja-season-2-19811
One Piece,recently_updated,,,one-piece-100,https://9animetv.to,One Piece,,One Piece,https://9animetv.to/watch/one-piece-100
Haigakura,recently_added,,,haigakura-19361,https://9animetv.to,Haigakura,1,Haigakura,https://9animetv.to/watch/haigakura-19361
Lord of Mysteries,recently_added,,,lord-of-mysteries-19802,https://9animetv.to,Guimi Zhi Zhu: Xiaochou Pian,1,Lord of Mysteries,https://9animetv.to/watch/lord-of-mysteries-19802
Synduality: Noir Part 2,recently_added,,,synduality-noir-part-2-18754,https://9animetv.to,Synduality: Noir Part 2,1,Synduality: Noir Part 2,https://9animetv.to/watch/synduality-noir-part-2-18754
Synduality: Noir,recently_added,,,synduality-noir-18464,https://9animetv.to,Synduality: Noir,1,Synduality: Noir,https://9animetv.to/watch/synduality-noir-18464
Lost Universe,recently_added,,,lost-universe-3507,https://9animetv.to,Lost Universe,1,Lost Universe,https://9animetv.to/watch/lost-universe-3507
Mythical Detective Loki Ragnarok,recently_added,,,mythical-detective-loki-ragnarok-2338,https://9animetv.to,Matantei Loki Ragnarok,1,Mythical Detective Loki Ragnarok,https://9animetv.to/watch/mythical-detective-loki-ragnarok-2338
Ranma ½ OVA,recently_added,,,ranma-ova-906,https://9animetv.to,Ranma ½ OVA,1,Ranma ½ OVA,https://9animetv.to/watch/ranma-ova-906
True Tears,recently_added,,,true-tears-2006,https://9animetv.to,True Tears,1,True Tears,https://9animetv.to/watch/true-tears-2006
True Tears: Raigomaru to Jibeta no Monogatari,recently_added,,,true-tears-raigomaru-to-jibeta-no-monogatari-7240,https://9animetv.to,True Tears: Raigomaru to Jibeta no Monogatari,1,True Tears: Raigomaru to Jibeta no Monogatari,https://9animetv.to/watch/true-tears-raigomaru-to-jibeta-no-monogatari-7240
True Tears: Mini Chara 4-koma Gekijou,recently_added,,,true-tears-mini-chara-4-koma-gekijou-6587,https://9animetv.to,True Tears: Mini Chara 4-koma Gekijou,1,True Tears: Mini Chara 4-koma Gekijou,https://9animetv.to/watch/true-tears-mini-chara-4-koma-gekijou-6587
Pop Team Epic,recently_added,,,pop-team-epic-2433,https://9animetv.to,Poputepipikku,1,Pop Team Epic,https://9animetv.to/watch/pop-team-epic-2433
Black Lagoon: Roberta's Blood Trail,recently_added,,,black-lagoon-robertas-blood-trail-457,https://9animetv.to,Black Lagoon: Roberta's Blood Trail,1,Black Lagoon: Roberta's Blood Trail,https://9animetv.to/watch/black-lagoon-robertas-blood-trail-457
Secrets of Akko-chan,recently_added,,,secrets-of-akko-chan-6609,https://9animetv.to,Himitsu no Akko-chan,1,Secrets of Akko-chan,https://9animetv.to/watch/secrets-of-akko-chan-6609
The Water Magician,recently_added,,,the-water-magician-19770,https://9animetv.to,Mizu Zokusei no Mahoutsukai,1,The Water Magician,https://9animetv.to/watch/the-water-magician-19770
Hokuto no Ken: Raoh Gaiden Gekitou-hen,recently_added,,,hokuto-no-ken-raoh-gaiden-gekitou-hen-1381,https://9animetv.to,Hokuto no Ken: Raoh Gaiden Gekitou-hen,1,Hokuto no Ken: Raoh Gaiden Gekitou-hen,https://9animetv.to/watch/hokuto-no-ken-raoh-gaiden-gekitou-hen-1381
MAPS: Densetsu no Samayoeru Seijin-tachi,recently_added,,,maps-densetsu-no-samayoeru-seijin-tachi-8268,https://9animetv.to,MAPS: Densetsu no Samayoeru Seijin-tachi,1,MAPS: Densetsu no Samayoeru Seijin-tachi,https://9animetv.to/watch/maps-densetsu-no-samayoeru-seijin-tachi-8268
Gunsmith Cats,recently_added,,,gunsmith-cats-2490,https://9animetv.to,Gunsmith Cats,1,Gunsmith Cats,https://9animetv.to/watch/gunsmith-cats-2490
ClassicaLoid 2,recently_added,,,classicaloid-2-5771,https://9animetv.to,ClassicaLoid 2nd Season,1,ClassicaLoid 2,https://9animetv.to/watch/classicaloid-2-5771
ClassicaLoid,recently_added,,,classicaloid-6184,https://9animetv.to,ClassicaLoid,1,ClassicaLoid,https://9animetv.to/watch/classicaloid-6184
Tales of Vesperia ~The First Strike~,recently_added,,,tales-of-vesperia-the-first-strike-1185,https://9animetv.to,Tales of Vesperia: The First Strike,1,Tales of Vesperia ~The First Strike~,https://9animetv.to/watch/tales-of-vesperia-the-first-strike-1185
"Reborn as a Vending Machine, I Now Wander the Dungeon Season 2",recently_added,,,reborn-as-a-vending-machine-i-now-wander-the-dungeon-season-2-19776,https://9animetv.to,Jidou Hanbaiki ni Umarekawatta Ore wa Meikyuu wo Samayou 2nd Season,1,"Reborn as a Vending Machine, I Now Wander the Dungeon Season 2",https://9animetv.to/watch/reborn-as-a-vending-machine-i-now-wander-the-dungeon-season-2-19776
The Rising of the Shield Hero Season 4,recently_added,,,the-rising-of-the-shield-hero-season-4-19790,https://9animetv.to,Tate no Yuusha no Nariagari Season 4,1,The Rising of the Shield Hero Season 4,https://9animetv.to/watch/the-rising-of-the-shield-hero-season-4-19790
Onmyo Kaiten Re:Birth Verse,recently_added,,,onmyo-kaiten-rebirth-verse-19744,https://9animetv.to,Onmyou Kaiten Re:Birth,1,Onmyo Kaiten Re:Birth Verse,https://9animetv.to/watch/onmyo-kaiten-rebirth-verse-19744
I Was Reincarnated as the 7th Prince so I Can Take My Time Perfecting My Magical Ability Season 2,recently_added,,,i-was-reincarnated-as-the-7th-prince-so-i-can-take-my-time-perfecting-my-magical-ability-season-2-19781,https://9animetv.to,"Tensei shitara Dainana Ouji Datta node, Kimama ni Majutsu wo Kiwamemasu 2nd Season",1,I Was Reincarnated as the 7th Prince so I Can Take My Time Perfecting My Magical Ability Season 2,https://9animetv.to/watch/i-was-reincarnated-as-the-7th-prince-so-i-can-take-my-time-perfecting-my-magical-ability-season-2-19781
Dealing with Mikadono Sisters Is a Breeze,recently_added,,,dealing-with-mikadono-sisters-is-a-breeze-19765,https://9animetv.to,"Mikadono Sanshimai wa Angai, Choroi.",1,Dealing with Mikadono Sisters Is a Breeze,https://9animetv.to/watch/dealing-with-mikadono-sisters-is-a-breeze-19765
Rock Is a Lady's Modesty,recently_added,,,rock-is-a-ladys-modesty-19570,https://9animetv.to,Rock wa Lady no Tashinami deshite,1,Rock Is a Lady's Modesty,https://9animetv.to/watch/rock-is-a-ladys-modesty-19570
Sword of the Demon Hunter: Kijin Gentosho,recently_added,,,sword-of-the-demon-hunter-kijin-gentosho-19554,https://9animetv.to,Kijin Gentoushou,1,Sword of the Demon Hunter: Kijin Gentosho,https://9animetv.to/watch/sword-of-the-demon-hunter-kijin-gentosho-19554
New Saga,recently_added,,,new-saga-19774,https://9animetv.to,Tsuyokute New Saga,1,New Saga,https://9animetv.to/watch/new-saga-19774
Yandere Dark Elf: She Chased Me All the Way From Another World!,recently_added,,,yandere-dark-elf-she-chased-me-all-the-way-from-another-world-19634,https://9animetv.to,Chotto dake Ai ga Omoi Dark Elf ga Isekai kara Oikaketekita,1,Yandere Dark Elf: She Chased Me All the Way From Another World!,https://9animetv.to/watch/yandere-dark-elf-she-chased-me-all-the-way-from-another-world-19634
2.5 Dimensional Seduction,recently_added,,,25-dimensional-seduction-19245,https://9animetv.to,2.5-jigen no Ririsa,1,2.5 Dimensional Seduction,https://9animetv.to/watch/25-dimensional-seduction-19245
Flower and Asura,recently_added,,,flower-and-asura-19459,https://9animetv.to,"Hana wa Saku, Shura no Gotoku",1,Flower and Asura,https://9animetv.to/watch/flower-and-asura-19459
Call of the Night Season 2,recently_added,,,call-of-the-night-season-2-19791,https://9animetv.to,Yofukashi no Uta Season 2,1,Call of the Night Season 2,https://9animetv.to/watch/call-of-the-night-season-2-19791
Godzilla: The Planet Eater,recently_added,,,godzilla-the-planet-eater-6735,https://9animetv.to,Godzilla 3: Hoshi wo Kuu Mono,1,Godzilla: The Planet Eater,https://9animetv.to/watch/godzilla-the-planet-eater-6735
Godzilla: City on the Edge of Battle,recently_added,,,godzilla-city-on-the-edge-of-battle-4704,https://9animetv.to,Godzilla 2: Kessen Kidou Zoushoku Toshi,1,Godzilla: City on the Edge of Battle,https://9animetv.to/watch/godzilla-city-on-the-edge-of-battle-4704
Ajin: Demi-Human Movie 3: Collide,recently_added,,,ajin-demi-human-movie-3-collide-2308,https://9animetv.to,Ajin Part 3: Shougeki,1,Ajin: Demi-Human Movie 3: Collide,https://9animetv.to/watch/ajin-demi-human-movie-3-collide-2308
Ajin: Demi-Human Movie 1: Compel,recently_added,,,ajin-demi-human-movie-1-compel-1450,https://9animetv.to,Ajin Part 1: Shoudou,1,Ajin: Demi-Human Movie 1: Compel,https://9animetv.to/watch/ajin-demi-human-movie-1-compel-1450
Ajin: Demi-Human Movie 2: Confront,recently_added,,,ajin-demi-human-movie-2-confront-2307,https://9animetv.to,Ajin Part 2: Shoutotsu,1,Ajin: Demi-Human Movie 2: Confront,https://9animetv.to/watch/ajin-demi-human-movie-2-confront-2307
Pretty Cure All Stars Movie F,recently_added,,,pretty-cure-all-stars-movie-f-19938,https://9animetv.to,Precure All Stars Movie F,1,Pretty Cure All Stars Movie F,https://9animetv.to/watch/pretty-cure-all-stars-movie-f-19938
Girls & Panzer: Saishuushou Part 3,recently_added,,,girls-panzer-saishuushou-part-3-15714,https://9animetv.to,Girls & Panzer: Saishuushou Part 3,1,Girls & Panzer: Saishuushou Part 3,https://9animetv.to/watch/girls-panzer-saishuushou-part-3-15714
Solo Leveling: ReAwakening,recently_added,,,solo-leveling-reawakening-19392,https://9animetv.to,Ore dake Level Up na Ken: ReAwakening,1,Solo Leveling: ReAwakening,https://9animetv.to/watch/solo-leveling-reawakening-19392
Gachiakuta,recently_added,,,gachiakuta-19785,https://9animetv.to,Gachiakuta,1,Gachiakuta,https://9animetv.to/watch/gachiakuta-19785
Kaiju No. 8 Season 2,recently_added,,,kaiju-no-8-season-2-19792,https://9animetv.to,Kaijuu 8-gou 2nd Season,1,Kaiju No. 8 Season 2,https://9animetv.to/watch/kaiju-no-8-season-2-19792
Demon Slayer: Kimetsu no Yaiba Infinity Castle,recently_added,,,demon-slayer-kimetsu-no-yaiba-infinity-castle-19722,https://9animetv.to,Kimetsu no Yaiba Movie: Mugen Jou-hen,1,Demon Slayer: Kimetsu no Yaiba Infinity Castle,https://9animetv.to/watch/demon-slayer-kimetsu-no-yaiba-infinity-castle-19722
Naruto: Shippuden,recently_added,,,naruto-shippuden-355,https://9animetv.to,Naruto: Shippuuden,1,Naruto: Shippuden,https://9animetv.to/watch/naruto-shippuden-355
The Fragrant Flower Blooms with Dignity,recently_added,,,the-fragrant-flower-blooms-with-dignity-19789,https://9animetv.to,Kaoru Hana wa Rin to Saku,1,The Fragrant Flower Blooms with Dignity,https://9animetv.to/watch/the-fragrant-flower-blooms-with-dignity-19789
Hero Without a Class: Who Even Needs Skills?!,recently_added,,,hero-without-a-class-who-even-needs-skills-19912,https://9animetv.to,Mushoku no Eiyuu: Betsu ni Skill Nanka Iranakatta n da ga,1,Hero Without a Class: Who Even Needs Skills?!,https://9animetv.to/watch/hero-without-a-class-who-even-needs-skills-19912
A Gatherer's Adventure in Isekai,recently_added,,,a-gatherers-adventure-in-isekai-19901,https://9animetv.to,Sozai Saishuka no Isekai Ryokouki,1,A Gatherer's Adventure in Isekai,https://9animetv.to/watch/a-gatherers-adventure-in-isekai-19901
Dan Da Dan Season 2,recently_added,,,dan-da-dan-season-2-19793,https://9animetv.to,Dandadan 2nd Season,1,Dan Da Dan Season 2,https://9animetv.to/watch/dan-da-dan-season-2-19793
Sakamoto Days Part 2,recently_added,,,sakamoto-days-part-2-19787,https://9animetv.to,Sakamoto Days Part 2,1,Sakamoto Days Part 2,https://9animetv.to/watch/sakamoto-days-part-2-19787
Naruto (Shinsaku Anime),upcoming,,,naruto-shinsaku-anime-18509,https://9animetv.to,Naruto (Shinsaku Anime),,Naruto (Shinsaku Anime),https://9animetv.to/watch/naruto-shinsaku-anime-18509
Jungle no Ouja Taa-chan,genre_action,Ep 1/50,Action,jungle-no-ouja-taa-chan-3446,https://9animetv.to,Jungle no Ouja Taa-chan,,Jungle no Ouja Taa-chan,https://9animetv.to/watch/jungle-no-ouja-taa-chan-3446
Majestic Prince Episode 25 – Wings to the Future,genre_action,Ep 1/1,Action,majestic-prince-episode-25-wings-to-the-future-6062,https://9animetv.to,Ginga Kikoutai Majestic Prince: Mirai e no Tsubasa,,Majestic Prince Episode 25 – Wings to the Future,https://9animetv.to/watch/majestic-prince-episode-25-wings-to-the-future-6062
Spooky Kitaro: Giant Sea Monster,genre_action,Ep Full,Action,spooky-kitaro-giant-sea-monster-6989,https://9animetv.to,Gegege no Kitarou: Daikaijuu,,Spooky Kitaro: Giant Sea Monster,https://9animetv.to/watch/spooky-kitaro-giant-sea-monster-6989
My Hero Academia Season 2: Hero Notebook,genre_action,Ep 1/1,Action,my-hero-academia-season-2-hero-notebook-2208,https://9animetv.to,Boku no Hero Academia 2nd Season: Hero Note,,My Hero Academia Season 2: Hero Notebook,https://9animetv.to/watch/my-hero-academia-season-2-hero-notebook-2208
Ghost in the Shell: Stand Alone Complex 2nd GIG - Individual Eleven,genre_action,Ep 1/1,Action,ghost-in-the-shell-stand-alone-complex-2nd-gig-individual-eleven-488,https://9animetv.to,Koukaku Kidoutai: Stand Alone Complex 2nd GIG - Individual Eleven,,Ghost in the Shell: Stand Alone Complex 2nd GIG - Individual Eleven,https://9animetv.to/watch/ghost-in-the-shell-stand-alone-complex-2nd-gig-individual-eleven-488
Ghost in the Shell: Stand Alone Complex - The Laughing Man,genre_action,Ep 1/1,Action,ghost-in-the-shell-stand-alone-complex-the-laughing-man-415,https://9animetv.to,Koukaku Kidoutai: Stand Alone Complex - The Laughing Man,,Ghost in the Shell: Stand Alone Complex - The Laughing Man,https://9animetv.to/watch/ghost-in-the-shell-stand-alone-complex-the-laughing-man-415
Black Butler Special,genre_comedy,Ep 1/1,Comedy,black-butler-special-1401,https://9animetv.to,"Kuroshitsuji: Sono Shitsuji, Kougyou",,Black Butler Special,https://9animetv.to/watch/black-butler-special-1401
Thermae Romae,genre_comedy,Ep 4/2,Comedy,thermae-romae-3933,https://9animetv.to,Thermae Romae Specials,,Thermae Romae,https://9animetv.to/watch/thermae-romae-3933
Obake Zukan,genre_comedy,Ep 4/39,Comedy,obake-zukan-10837,https://9animetv.to,Obake Zukan,,Obake Zukan,https://9animetv.to/watch/obake-zukan-10837
Ghost in the Shell: Stand Alone Complex 2nd GIG - Individual Eleven - Tachikomatic Days,genre_comedy,Ep 1/1,Comedy,ghost-in-the-shell-stand-alone-complex-2nd-gig-individual-eleven-tachikomatic-days-4063,https://9animetv.to,Koukaku Kidoutai: Stand Alone Complex 2nd GIG - Individual Eleven - Tachikoma na Hibi,,Ghost in the Shell: Stand Alone Complex 2nd GIG - Individual Eleven - Tachikomatic Days,https://9animetv.to/watch/ghost-in-the-shell-stand-alone-complex-2nd-gig-individual-eleven-tachikomatic-days-4063
Hokuto no Ken: Yuria-den,genre_drama,Ep 1/1,Drama,hokuto-no-ken-yuria-den-3078,https://9animetv.to,Hokuto no Ken: Yuria-den,,Hokuto no Ken: Yuria-den,https://9animetv.to/watch/hokuto-no-ken-yuria-den-3078
Mobile Suit Gundam AGE: Memory of Eden,genre_drama,Ep 2/2,Drama,mobile-suit-gundam-age-memory-of-eden-5034,https://9animetv.to,Mobile Suit Gundam AGE: Memory of Eden,,Mobile Suit Gundam AGE: Memory of Eden,https://9animetv.to/watch/mobile-suit-gundam-age-memory-of-eden-5034
Mobile Suit Gundam Unicorn: Episode EX - 100 Years of Solitude,genre_drama,Ep 1/1,Drama,mobile-suit-gundam-unicorn-episode-ex-100-years-of-solitude-4840,https://9animetv.to,Mobile Suit Gundam Unicorn: Episode EX - 100 Years of Solitude,,Mobile Suit Gundam Unicorn: Episode EX - 100 Years of Solitude,https://9animetv.to/watch/mobile-suit-gundam-unicorn-episode-ex-100-years-of-solitude-4840
Mobile Suit Gundam Wing: Operation Meteor,genre_drama,Ep 4/4,Drama,mobile-suit-gundam-wing-operation-meteor-1682,https://9animetv.to,Mobile Suit Gundam Wing: Operation Meteor,,Mobile Suit Gundam Wing: Operation Meteor,https://9animetv.to/watch/mobile-suit-gundam-wing-operation-meteor-1682
Mobile Suit Gundam SEED Destiny Special Edition,genre_drama,Ep 4/4,Drama,mobile-suit-gundam-seed-destiny-special-edition-2398,https://9animetv.to,Mobile Suit Gundam SEED Destiny Special Edition,,Mobile Suit Gundam SEED Destiny Special Edition,https://9animetv.to/watch/mobile-suit-gundam-seed-destiny-special-edition-2398
Colorful The Motion Picture,genre_drama,Ep Full,Drama,colorful-the-motion-picture-722,https://9animetv.to,Colorful (Movie),,Colorful The Motion Picture,https://9animetv.to/watch/colorful-the-motion-picture-722
"High School DxD New: Oppai, Tsutsumimasu!",genre_romance,Ep 1/1,Romance,high-school-dxd-new-oppai-tsutsumimasu-2329,https://9animetv.to,"High School DxD New: Oppai, Tsutsumimasu!",,"High School DxD New: Oppai, Tsutsumimasu!",https://9animetv.to/watch/high-school-dxd-new-oppai-tsutsumimasu-2329
High School DxD BorN: Yomigaeranai Fushichou,genre_romance,Ep 1/1,Romance,high-school-dxd-born-yomigaeranai-fushichou-1698,https://9animetv.to,High School DxD BorN: Yomigaeranai Fushichou,,High School DxD BorN: Yomigaeranai Fushichou,https://9animetv.to/watch/high-school-dxd-born-yomigaeranai-fushichou-1698
High School DxD Hero: Taiikukan-ura no Holy,genre_romance,Ep 1/1,Romance,high-school-dxd-hero-taiikukan-ura-no-holy-4071,https://9animetv.to,High School DxD Hero: Taiikukan-ura no Holy,,High School DxD Hero: Taiikukan-ura no Holy,https://9animetv.to/watch/high-school-dxd-hero-taiikukan-ura-no-holy-4071
Mahoromatic Summer Special,genre_romance,Ep 1/1,Romance,mahoromatic-summer-special-3010,https://9animetv.to,Mahoromatic Summer Special,,Mahoromatic Summer Special,https://9animetv.to/watch/mahoromatic-summer-special-3010
Recovery of an MMO Junkie Special,genre_romance,Ep 1/1,Romance,recovery-of-an-mmo-junkie-special-1788,https://9animetv.to,Net-juu no Susume Special,,Recovery of an MMO Junkie Special,https://9animetv.to/watch/recovery-of-an-mmo-junkie-special-1788
Love Hina Spring Movie,genre_romance,Ep 1/1,Romance,love-hina-spring-movie-2665,https://9animetv.to,Love Hina Haru Special: Kimi Sakura Chiru Nakare!!,,Love Hina Spring Movie,https://9animetv.to/watch/love-hina-spring-movie-2665
Granblue Fantasy The Animation Season 2 Extras,genre_fantasy,Ep 2/2,Fantasy,granblue-fantasy-the-animation-season-2-extras-5410,https://9animetv.to,Granblue Fantasy The Animation Season 2 Extras,,Granblue Fantasy The Animation Season 2 Extras,https://9animetv.to/watch/granblue-fantasy-the-animation-season-2-extras-5410
"Dragon Ball Z Special 1: Bardock, The Father of Goku",genre_fantasy,Ep 1/1,Fantasy,dragon-ball-z-special-1-bardock-the-father-of-goku-1334,https://9animetv.to,Dragon Ball Z Special 1: Tatta Hitori no Saishuu Kessen,,"Dragon Ball Z Special 1: Bardock, The Father of Goku",https://9animetv.to/watch/dragon-ball-z-special-1-bardock-the-father-of-goku-1334
Dragon Ball Z: Saiya-jin Zetsumetsu Keikaku,genre_fantasy,Ep 2/2,Fantasy,dragon-ball-z-saiya-jin-zetsumetsu-keikaku-4279,https://9animetv.to,Dragon Ball Z: Saiya-jin Zetsumetsu Keikaku,,Dragon Ball Z: Saiya-jin Zetsumetsu Keikaku,https://9animetv.to/watch/dragon-ball-z-saiya-jin-zetsumetsu-keikaku-4279
Dragon Ball: Super Saiya-jin Zetsumetsu Keikaku,genre_fantasy,Ep 1/1,Fantasy,dragon-ball-super-saiya-jin-zetsumetsu-keikaku-4740,https://9animetv.to,Dragon Ball: Super Saiya-jin Zetsumetsu Keikaku,,Dragon Ball: Super Saiya-jin Zetsumetsu Keikaku,https://9animetv.to/watch/dragon-ball-super-saiya-jin-zetsumetsu-keikaku-4740
